                  epoch,         train/box_loss,         train/cls_loss,         train/dfl_loss,   metrics/precision(B),      metrics/recall(B),       metrics/mAP50(B),    metrics/mAP50-95(B),           val/box_loss,           val/cls_loss,           val/dfl_loss,                 lr/pg0,                 lr/pg1,                 lr/pg2
                      1,                 1.9678,                 3.1129,                 1.3639,                0.56674,                0.14588,                0.30228,                0.13926,                 1.9554,                 2.8298,                 1.3615,             0.00025342,             0.00025342,             0.00025342
                      2,                 1.8611,                 1.7235,                 1.2755,                0.39419,                0.54299,                0.45277,                0.20968,                 1.9388,                 1.9122,                  1.334,             0.00040882,             0.00040882,             0.00040882
                      3,                 1.7835,                 1.5331,                 1.2692,                0.58833,                 0.5913,                0.55181,                0.26062,                 1.9004,                 1.4285,                 1.3017,             0.00046272,             0.00046272,             0.00046272
                      4,                  1.761,                 1.3706,                 1.2385,                0.66171,                 0.6439,                 0.6441,                0.30964,                 1.8108,                 1.2948,                 1.2906,             0.00031221,             0.00031221,             0.00031221
                      5,                 1.7334,                 1.2907,                 1.2193,                 0.6608,                0.66555,                0.68074,                0.32572,                 1.8116,                 1.2654,                 1.2716,             0.00015995,             0.00015995,             0.00015995
